Curtida,Escolhas de jogos,Recomendacoes
1,"[{'agrupamento': 14, 'ano': 2016, 'classificacao': 2, 'desenvolvedora': 7, 'genero': 7, 'nome': 'Call of Duty: Infinite Warfare', 'plataforma': 18, 'pontuacao': 40.55, 'publicadora': 4, 'vendas': 2.42}, {'agrupamento': 14, 'ano': 2015, 'classificacao': 0, 'desenvolvedora': 0, 'genero': 7, 'nome': 'Call of Duty: Black Ops 3', 'plataforma': 18, 'pontuacao': 0, 'publicadora': 4, 'vendas': 7.39}, {'agrupamento': 14, 'ano': 2009, 'classificacao': 2, 'desenvolvedora': 1399, 'genero': 7, 'nome': 'S.T.A.L.K.E.R.: Call of Pripyat', 'plataforma': 15, 'pontuacao': 44.35, 'publicadora': 25, 'vendas': 0.06}, {'agrupamento': 14, 'ano': 2009, 'classificacao': 2, 'desenvolvedora': 1399, 'genero': 7, 'nome': 'S.T.A.L.K.E.R.: Call of Pripyat', 'plataforma': 15, 'pontuacao': 44.35, 'publicadora': 25, 'vendas': 0.06}, {'agrupamento': 14, 'ano': 2009, 'classificacao': 2, 'desenvolvedora': 1399, 'genero': 7, 'nome': 'S.T.A.L.K.E.R.: Call of Pripyat', 'plataforma': 15, 'pontuacao': 44.35, 'publicadora': 25, 'vendas': 0.06}, {'agrupamento': 14, 'ano': 2009, 'classificacao': 2, 'desenvolvedora': 1399, 'genero': 7, 'nome': 'S.T.A.L.K.E.R.: Call of Pripyat', 'plataforma': 15, 'pontuacao': 44.35, 'publicadora': 25, 'vendas': 0.06}, {'agrupamento': 14, 'ano': 2009, 'classificacao': 2, 'desenvolvedora': 1399, 'genero': 7, 'nome': 'S.T.A.L.K.E.R.: Call of Pripyat', 'plataforma': 15, 'pontuacao': 44.35, 'publicadora': 25, 'vendas': 0.06}, {'agrupamento': 14, 'ano': 2009, 'classificacao': 2, 'desenvolvedora': 1399, 'genero': 7, 'nome': 'S.T.A.L.K.E.R.: Call of Pripyat', 'plataforma': 15, 'pontuacao': 44.35, 'publicadora': 25, 'vendas': 0.06}]","[{'agrupamento': 14, 'ano': 1997, 'classificacao': 2, 'desenvolvedora': 77, 'genero': 7, 'nome': 'Half-Life', 'plataforma': 15, 'pontuacao': 52.55, 'publicadora': 23, 'similaridade': 0.9791666666666672, 'vendas': 4.12}, {'agrupamento': 14, 'ano': 2011, 'classificacao': 2, 'desenvolvedora': 189, 'genero': 7, 'nome': 'Dead Space 2', 'plataforma': 15, 'pontuacao': 47.65, 'publicadora': 7, 'similaridade': 0.9791666666666672, 'vendas': 0.32}, {'agrupamento': 14, 'ano': 2016, 'classificacao': 2, 'desenvolvedora': 127, 'genero': 7, 'nome': 'Titanfall 2', 'plataforma': 15, 'pontuacao': 46.5, 'publicadora': 7, 'similaridade': 0.9791666666666672, 'vendas': 0.08}, {'agrupamento': 14, 'ano': 2004, 'classificacao': 2, 'desenvolvedora': 37, 'genero': 7, 'nome': 'Unreal Tournament 2004', 'plataforma': 15, 'pontuacao': 50.95, 'publicadora': 10, 'similaridade': 0.9791666666666672, 'vendas': 0.02}, {'agrupamento': 14, 'ano': 2007, 'classificacao': 2, 'desenvolvedora': 794, 'genero': 7, 'nome': ""Clive Barker's Jericho"", 'plataforma': 15, 'pontuacao': 35.25, 'publicadora': 34, 'similaridade': 0.9791666666666672, 'vendas': 0.01}, {'agrupamento': 14, 'ano': 2015, 'classificacao': 0, 'desenvolvedora': 0, 'genero': 7, 'nome': 'Call of Duty: Black Ops 3', 'plataforma': 15, 'pontuacao': 0, 'publicadora': 4, 'similaridade': 0.9791666666666672, 'vendas': 0.26}, {'agrupamento': 14, 'ano': 2009, 'classificacao': 2, 'desenvolvedora': 1399, 'genero': 7, 'nome': 'S.T.A.L.K.E.R.: Call of Pripyat', 'plataforma': 15, 'pontuacao': 44.35, 'publicadora': 25, 'similaridade': 0.9791666666666672, 'vendas': 0.06}, {'agrupamento': 14, 'ano': 2011, 'classificacao': 2, 'desenvolvedora': 586, 'genero': 7, 'nome': 'Warhammer 40,000: Space Marine', 'plataforma': 15, 'pontuacao': 40.7, 'publicadora': 28, 'similaridade': 0.9791666666666672, 'vendas': 0.2}, {'agrupamento': 14, 'ano': 2011, 'classificacao': 2, 'desenvolvedora': 493, 'genero': 7, 'nome': 'Homefront', 'plataforma': 15, 'pontuacao': 37.75, 'publicadora': 28, 'similaridade': 0.9791666666666672, 'vendas': 0.24}, {'agrupamento': 14, 'ano': 2009, 'classificacao': 3, 'desenvolvedora': 1258, 'genero': 7, 'nome': 'Raven Squad: Operation Hidden Dagger', 'plataforma': 15, 'pontuacao': 21.05, 'publicadora': 374, 'similaridade': 0.9791666666666672, 'vendas': 0.02}]"
0,"[{'agrupamento': 8993, 'ano': 0, 'classificacao': 3, 'desenvolvedora': 48, 'genero': 10, 'nome': 'Street Fighter IV', 'plataforma': 15, 'pontuacao': 49.5, 'publicadora': 12, 'vendas': 0.13}, {'agrupamento': 8993, 'ano': 2012, 'classificacao': 3, 'desenvolvedora': 1480, 'genero': 10, 'nome': 'Street Fighter X Tekken', 'plataforma': 15, 'pontuacao': 42.7, 'publicadora': 12, 'vendas': 0.02}, {'agrupamento': 8993, 'ano': 2016, 'classificacao': 3, 'desenvolvedora': 48, 'genero': 10, 'nome': 'Street Fighter V', 'plataforma': 15, 'pontuacao': 38.45, 'publicadora': 12, 'vendas': 0.06}, {'agrupamento': 8993, 'ano': 1997, 'classificacao': 0, 'desenvolvedora': 0, 'genero': 10, 'nome': 'X-Men vs. Street Fighter', 'plataforma': 13, 'pontuacao': 0, 'publicadora': 12, 'vendas': 0.42}, {'agrupamento': 8993, 'ano': 1997, 'classificacao': 0, 'desenvolvedora': 0, 'genero': 10, 'nome': 'X-Men vs. Street Fighter', 'plataforma': 13, 'pontuacao': 0, 'publicadora': 12, 'vendas': 0.42}, {'agrupamento': 8993, 'ano': 1997, 'classificacao': 0, 'desenvolvedora': 0, 'genero': 10, 'nome': 'X-Men vs. Street Fighter', 'plataforma': 13, 'pontuacao': 0, 'publicadora': 12, 'vendas': 0.42}, {'agrupamento': 8993, 'ano': 1997, 'classificacao': 0, 'desenvolvedora': 0, 'genero': 10, 'nome': 'X-Men vs. Street Fighter', 'plataforma': 13, 'pontuacao': 0, 'publicadora': 12, 'vendas': 0.42}, {'agrupamento': 8993, 'ano': 1997, 'classificacao': 0, 'desenvolvedora': 0, 'genero': 10, 'nome': 'X-Men vs. Street Fighter', 'plataforma': 13, 'pontuacao': 0, 'publicadora': 12, 'vendas': 0.42}, {'agrupamento': 8993, 'ano': 1997, 'classificacao': 0, 'desenvolvedora': 0, 'genero': 10, 'nome': 'X-Men vs. Street Fighter', 'plataforma': 13, 'pontuacao': 0, 'publicadora': 12, 'vendas': 0.42}, {'agrupamento': 8993, 'ano': 1997, 'classificacao': 0, 'desenvolvedora': 0, 'genero': 10, 'nome': 'X-Men vs. Street Fighter', 'plataforma': 13, 'pontuacao': 0, 'publicadora': 12, 'vendas': 0.42}, {'agrupamento': 8993, 'ano': 1997, 'classificacao': 0, 'desenvolvedora': 0, 'genero': 10, 'nome': 'X-Men vs. Street Fighter', 'plataforma': 13, 'pontuacao': 0, 'publicadora': 12, 'vendas': 0.42}]","[{'agrupamento': 260, 'ano': 2002, 'classificacao': 0, 'desenvolvedora': 0, 'genero': 7, 'nome': 'Command & Conquer Renegade', 'plataforma': 15, 'pontuacao': 0, 'publicadora': 7, 'similaridade': 0.9460451977401128, 'vendas': 0.01}, {'agrupamento': 260, 'ano': 2013, 'classificacao': 2, 'desenvolvedora': 1113, 'genero': 7, 'nome': 'ArmA III', 'plataforma': 15, 'pontuacao': 40.7, 'publicadora': 355, 'similaridade': 0.9460451977401128, 'vendas': 0.11}, {'agrupamento': 260, 'ano': 2004, 'classificacao': 2, 'desenvolvedora': 259, 'genero': 7, 'nome': 'Doom 3', 'plataforma': 15, 'pontuacao': 47.3, 'publicadora': 4, 'similaridade': 0.9460451977401128, 'vendas': 0.1}, {'agrupamento': 260, 'ano': 2010, 'classificacao': 3, 'desenvolvedora': 48, 'genero': 7, 'nome': 'Lost Planet 2', 'plataforma': 15, 'pontuacao': 34.65, 'publicadora': 12, 'similaridade': 0.9460451977401128, 'vendas': 0.03}, {'agrupamento': 260, 'ano': 2004, 'classificacao': 2, 'desenvolvedora': 77, 'genero': 7, 'nome': 'Counter-Strike: Source', 'plataforma': 15, 'pontuacao': 48.45, 'publicadora': 23, 'similaridade': 0.9460451977401128, 'vendas': 0.08}, {'agrupamento': 260, 'ano': 2011, 'classificacao': 2, 'desenvolvedora': 12, 'genero': 7, 'nome': 'Call of Juarez: The Cartel', 'plataforma': 15, 'pontuacao': 27.15, 'publicadora': 5, 'similaridade': 0.9460451977401128, 'vendas': 0.11}, {'agrupamento': 260, 'ano': 2011, 'classificacao': 2, 'desenvolvedora': 5, 'genero': 7, 'nome': 'Call of Duty: Modern Warfare 3', 'plataforma': 15, 'pontuacao': 40.25, 'publicadora': 4, 'similaridade': 0.9460451977401128, 'vendas': 1.72}, {'agrupamento': 260, 'ano': 2009, 'classificacao': 3, 'desenvolvedora': 863, 'genero': 7, 'nome': 'Section 8', 'plataforma': 15, 'pontuacao': 39.5, 'publicadora': 81, 'similaridade': 0.9460451977401128, 'vendas': 0.03}, {'agrupamento': 260, 'ano': 2016, 'classificacao': 2, 'desenvolvedora': 29, 'genero': 7, 'nome': 'Battlefield 1', 'plataforma': 15, 'pontuacao': 47.8, 'publicadora': 7, 'similaridade': 0.9460451977401128, 'vendas': 0.38}, {'agrupamento': 260, 'ano': 0, 'classificacao': 2, 'desenvolvedora': 183, 'genero': 7, 'nome': 'BioShock 2', 'plataforma': 15, 'pontuacao': 48, 'publicadora': 2, 'similaridade': 0.9460451977401128, 'vendas': 0.24}]"
1,"[{'agrupamento': 450, 'ano': 2009, 'classificacao': 4, 'desenvolvedora': 562, 'genero': 1, 'nome': 'Tony Hawk: RIDE', 'plataforma': 5, 'pontuacao': 24.5, 'publicadora': 4, 'vendas': 0.61}, {'agrupamento': 450, 'ano': 2010, 'classificacao': 1, 'desenvolvedora': 562, 'genero': 1, 'nome': 'Tony Hawk: Shred', 'plataforma': 5, 'pontuacao': 29.8, 'publicadora': 4, 'vendas': 0.26}, {'agrupamento': 25, 'ano': 2009, 'classificacao': 4, 'desenvolvedora': 562, 'genero': 1, 'nome': 'Tony Hawk: RIDE', 'plataforma': 6, 'pontuacao': 23.05, 'publicadora': 4, 'vendas': 0.59}, {'agrupamento': 25, 'ano': 2009, 'classificacao': 4, 'desenvolvedora': 562, 'genero': 1, 'nome': 'Tony Hawk: RIDE', 'plataforma': 6, 'pontuacao': 23.05, 'publicadora': 4, 'vendas': 0.59}, {'agrupamento': 25, 'ano': 2009, 'classificacao': 4, 'desenvolvedora': 562, 'genero': 1, 'nome': 'Tony Hawk: RIDE', 'plataforma': 6, 'pontuacao': 23.05, 'publicadora': 4, 'vendas': 0.59}, {'agrupamento': 25, 'ano': 2009, 'classificacao': 4, 'desenvolvedora': 562, 'genero': 1, 'nome': 'Tony Hawk: RIDE', 'plataforma': 6, 'pontuacao': 23.05, 'publicadora': 4, 'vendas': 0.59}]","[{'agrupamento': 25, 'ano': 2008, 'classificacao': 1, 'desenvolvedora': 57, 'genero': 1, 'nome': 'NFL Head Coach 09', 'plataforma': 6, 'pontuacao': 35.55, 'publicadora': 7, 'similaridade': 0.9722222222222223, 'vendas': 0.14}, {'agrupamento': 25, 'ano': 2011, 'classificacao': 3, 'desenvolvedora': 242, 'genero': 1, 'nome': ""Cabela's Survival: Shadows of Katmai"", 'plataforma': 6, 'pontuacao': 3.7, 'publicadora': 4, 'similaridade': 0.9722222222222223, 'vendas': 0.18}, {'agrupamento': 25, 'ano': 2013, 'classificacao': 1, 'desenvolvedora': 57, 'genero': 1, 'nome': 'NCAA Football 14', 'plataforma': 6, 'pontuacao': 41.6, 'publicadora': 7, 'similaridade': 0.9722222222222223, 'vendas': 0.84}, {'agrupamento': 25, 'ano': 2009, 'classificacao': 4, 'desenvolvedora': 562, 'genero': 1, 'nome': 'Tony Hawk: RIDE', 'plataforma': 6, 'pontuacao': 23.05, 'publicadora': 4, 'similaridade': 0.9722222222222223, 'vendas': 0.59}, {'agrupamento': 25, 'ano': 2008, 'classificacao': 1, 'desenvolvedora': 57, 'genero': 1, 'nome': 'Tiger Woods PGA Tour 09', 'plataforma': 6, 'pontuacao': 44.6, 'publicadora': 7, 'similaridade': 0.9722222222222223, 'vendas': 0.65}, {'agrupamento': 25, 'ano': 0, 'classificacao': 1, 'desenvolvedora': 1010, 'genero': 1, 'nome': 'Backbreaker', 'plataforma': 6, 'pontuacao': 32.5, 'publicadora': 53, 'similaridade': 0.9722222222222223, 'vendas': 0.17}, {'agrupamento': 25, 'ano': 2011, 'classificacao': 1, 'desenvolvedora': 83, 'genero': 1, 'nome': 'Major League Baseball 2K11', 'plataforma': 6, 'pontuacao': 39.15, 'publicadora': 2, 'similaridade': 0.9722222222222223, 'vendas': 0.2}, {'agrupamento': 25, 'ano': 2007, 'classificacao': 1, 'desenvolvedora': 388, 'genero': 1, 'nome': 'Tiger Woods PGA Tour 08', 'plataforma': 6, 'pontuacao': 42.8, 'publicadora': 7, 'similaridade': 0.9722222222222223, 'vendas': 0.73}, {'agrupamento': 25, 'ano': 2010, 'classificacao': 1, 'desenvolvedora': 730, 'genero': 1, 'nome': 'Get Fit with Mel B', 'plataforma': 6, 'pontuacao': 39.4, 'publicadora': 195, 'similaridade': 0.9722222222222223, 'vendas': 0.38}, {'agrupamento': 25, 'ano': 2010, 'classificacao': 3, 'desenvolvedora': 52, 'genero': 1, 'nome': 'Shaun White Skateboarding', 'plataforma': 6, 'pontuacao': 33.75, 'publicadora': 5, 'similaridade': 0.9722222222222223, 'vendas': 0.19}]"
0,"[{'agrupamento': 592, 'ano': 2006, 'classificacao': 4, 'desenvolvedora': 35, 'genero': 3, 'nome': 'Need for Speed Carbon', 'plataforma': 20, 'pontuacao': 41.4, 'publicadora': 7, 'vendas': 0.35}, {'agrupamento': 592, 'ano': 2004, 'classificacao': 0, 'desenvolvedora': 0, 'genero': 3, 'nome': 'Need for Speed Underground 2', 'plataforma': 20, 'pontuacao': 0, 'publicadora': 7, 'vendas': 1.14}, {'agrupamento': 592, 'ano': 2011, 'classificacao': 0, 'desenvolvedora': 0, 'genero': 3, 'nome': 'Need for Speed: Shift 2 Unleashed', 'plataforma': 15, 'pontuacao': 0, 'publicadora': 7, 'vendas': 0.19}, {'agrupamento': 960, 'ano': 1998, 'classificacao': 0, 'desenvolvedora': 0, 'genero': 1, 'nome': 'NCAA Football 99', 'plataforma': 13, 'pontuacao': 0, 'publicadora': 7, 'vendas': 1.06}, {'agrupamento': 450, 'ano': 2007, 'classificacao': 1, 'desenvolvedora': 18, 'genero': 1, 'nome': 'NCAA Football 08', 'plataforma': 5, 'pontuacao': 44.4, 'publicadora': 7, 'vendas': 0.7}, {'agrupamento': 450, 'ano': 2006, 'classificacao': 1, 'desenvolvedora': 18, 'genero': 1, 'nome': 'NCAA Football 07', 'plataforma': 5, 'pontuacao': 42.95, 'publicadora': 7, 'vendas': 0.73}]","[{'agrupamento': 960, 'ano': 2003, 'classificacao': 0, 'desenvolvedora': 0, 'genero': 1, 'nome': 'Championship Manager 03/04', 'plataforma': 15, 'pontuacao': 0, 'publicadora': 21, 'similaridade': 0.6694444444444445, 'vendas': 1.26}, {'agrupamento': 960, 'ano': 2009, 'classificacao': 0, 'desenvolvedora': 0, 'genero': 1, 'nome': 'Championship Manager 2010', 'plataforma': 15, 'pontuacao': 0, 'publicadora': 21, 'similaridade': 0.6694444444444445, 'vendas': 0.01}, {'agrupamento': 960, 'ano': 2016, 'classificacao': 1, 'desenvolvedora': 83, 'genero': 1, 'nome': 'NBA 2K17', 'plataforma': 15, 'pontuacao': 48.15, 'publicadora': 2, 'similaridade': 0.6694444444444445, 'vendas': 0.01}, {'agrupamento': 960, 'ano': 2009, 'classificacao': 3, 'desenvolvedora': 1047, 'genero': 1, 'nome': 'Blood Bowl', 'plataforma': 15, 'pontuacao': 39.25, 'publicadora': 82, 'similaridade': 0.6694444444444445, 'vendas': 0.04}, {'agrupamento': 960, 'ano': 2009, 'classificacao': 1, 'desenvolvedora': 69, 'genero': 1, 'nome': 'Pro Evolution Soccer 2010', 'plataforma': 15, 'pontuacao': 42.45, 'publicadora': 14, 'similaridade': 0.6694444444444445, 'vendas': 0.01}, {'agrupamento': 960, 'ano': 2011, 'classificacao': 0, 'desenvolvedora': 0, 'genero': 1, 'nome': 'FIFA 12', 'plataforma': 15, 'pontuacao': 0, 'publicadora': 7, 'similaridade': 0.6694444444444445, 'vendas': 0.47}, {'agrupamento': 960, 'ano': 2009, 'classificacao': 1, 'desenvolvedora': 271, 'genero': 1, 'nome': 'Football Manager 2010', 'plataforma': 15, 'pontuacao': 48, 'publicadora': 8, 'similaridade': 0.6694444444444445, 'vendas': 0.07}, {'agrupamento': 960, 'ano': 2008, 'classificacao': 0, 'desenvolvedora': 335, 'genero': 1, 'nome': 'Summer Athletics', 'plataforma': 15, 'pontuacao': 0, 'publicadora': 233, 'similaridade': 0.6694444444444445, 'vendas': 0.01}, {'agrupamento': 960, 'ano': 2003, 'classificacao': 0, 'desenvolvedora': 0, 'genero': 1, 'nome': 'Championship Manager 3', 'plataforma': 15, 'pontuacao': 0, 'publicadora': 21, 'similaridade': 0.6694444444444445, 'vendas': 1.01}, {'agrupamento': 960, 'ano': 2010, 'classificacao': 3, 'desenvolvedora': 52, 'genero': 1, 'nome': 'Shaun White Skateboarding', 'plataforma': 15, 'pontuacao': 3.65, 'publicadora': 5, 'similaridade': 0.6694444444444445, 'vendas': 0.03}]"
1,[],"[{'agrupamento': 6, 'ano': 2006, 'classificacao': 1, 'desenvolvedora': 0, 'genero': 1, 'nome': 'Wii Sports', 'plataforma': 1, 'pontuacao': 42, 'publicadora': 0, 'vendas': 82.53}, {'agrupamento': 6, 'ano': 2009, 'classificacao': 1, 'desenvolvedora': 0, 'genero': 1, 'nome': 'Wii Sports Resort', 'plataforma': 1, 'pontuacao': 44, 'publicadora': 0, 'vendas': 32.77}, {'agrupamento': 976, 'ano': 2009, 'classificacao': 1, 'desenvolvedora': 0, 'genero': 2, 'nome': 'New Super Mario Bros. Wii', 'plataforma': 1, 'pontuacao': 47.7, 'publicadora': 0, 'vendas': 28.32}, {'agrupamento': 3840, 'ano': 2010, 'classificacao': 1, 'desenvolvedora': 2, 'genero': 6, 'nome': 'Kinect Adventures!', 'plataforma': 5, 'pontuacao': 33.65, 'publicadora': 1, 'vendas': 21.81}, {'agrupamento': 6, 'ano': 2009, 'classificacao': 1, 'desenvolvedora': 0, 'genero': 1, 'nome': 'Wii Fit Plus', 'plataforma': 1, 'pontuacao': 43.7, 'publicadora': 0, 'vendas': 21.79}, {'agrupamento': 28, 'ano': 2004, 'classificacao': 2, 'desenvolvedora': 3, 'genero': 9, 'nome': 'Grand Theft Auto: San Andreas', 'plataforma': 7, 'pontuacao': 52, 'publicadora': 2, 'vendas': 20.81}, {'agrupamento': 493, 'ano': 2005, 'classificacao': 1, 'desenvolvedora': 0, 'genero': 6, 'nome': 'Brain Age: Train Your Brain in Minutes a Day', 'plataforma': 4, 'pontuacao': 42.45, 'publicadora': 0, 'vendas': 20.15}, {'agrupamento': 12, 'ano': 2010, 'classificacao': 0, 'desenvolvedora': 0, 'genero': 4, 'nome': 'Pokemon Black/Pokemon White', 'plataforma': 4, 'pontuacao': 0, 'publicadora': 0, 'vendas': 15.14}, {'agrupamento': 239, 'ano': 2015, 'classificacao': 0, 'desenvolvedora': 0, 'genero': 7, 'nome': 'Call of Duty: Black Ops 3', 'plataforma': 10, 'pontuacao': 0, 'publicadora': 4, 'vendas': 14.63}, {'agrupamento': 167, 'ano': 2013, 'classificacao': 0, 'desenvolvedora': 0, 'genero': 4, 'nome': 'Pokemon X/Pokemon Y', 'plataforma': 11, 'pontuacao': 0, 'publicadora': 0, 'vendas': 14.6}]"
1,"[{'agrupamento': 260, 'ano': 2016, 'classificacao': 2, 'desenvolvedora': 7, 'genero': 7, 'nome': 'Call of Duty: Infinite Warfare', 'plataforma': 18, 'pontuacao': 40.55, 'publicadora': 4, 'vendas': 2.42}, {'agrupamento': 149, 'ano': 2009, 'classificacao': 3, 'desenvolvedora': 574, 'genero': 9, 'nome': ""Tom Clancy's HAWX"", 'plataforma': 15, 'pontuacao': 38.65, 'publicadora': 5, 'vendas': 0.04}, {'agrupamento': 149, 'ano': 2009, 'classificacao': 3, 'desenvolvedora': 574, 'genero': 9, 'nome': ""Tom Clancy's HAWX"", 'plataforma': 15, 'pontuacao': 38.65, 'publicadora': 5, 'vendas': 0.04}, {'agrupamento': 149, 'ano': 2009, 'classificacao': 3, 'desenvolvedora': 574, 'genero': 9, 'nome': ""Tom Clancy's HAWX"", 'plataforma': 15, 'pontuacao': 38.65, 'publicadora': 5, 'vendas': 0.04}, {'agrupamento': 149, 'ano': 2009, 'classificacao': 3, 'desenvolvedora': 574, 'genero': 9, 'nome': ""Tom Clancy's HAWX"", 'plataforma': 15, 'pontuacao': 38.65, 'publicadora': 5, 'vendas': 0.04}, {'agrupamento': 149, 'ano': 2009, 'classificacao': 3, 'desenvolvedora': 574, 'genero': 9, 'nome': ""Tom Clancy's HAWX"", 'plataforma': 15, 'pontuacao': 38.65, 'publicadora': 5, 'vendas': 0.04}, {'agrupamento': 149, 'ano': 2009, 'classificacao': 3, 'desenvolvedora': 574, 'genero': 9, 'nome': ""Tom Clancy's HAWX"", 'plataforma': 15, 'pontuacao': 38.65, 'publicadora': 5, 'vendas': 0.04}]","[{'agrupamento': 149, 'ano': 2008, 'classificacao': 4, 'desenvolvedora': 185, 'genero': 9, 'nome': 'Kung Fu Panda', 'plataforma': 15, 'pontuacao': 39.4, 'publicadora': 4, 'similaridade': 0.9722222222222222, 'vendas': 0.02}, {'agrupamento': 149, 'ano': 2012, 'classificacao': 2, 'desenvolvedora': 373, 'genero': 9, 'nome': 'Darksiders II', 'plataforma': 15, 'pontuacao': 44.4, 'publicadora': 128, 'similaridade': 0.9722222222222222, 'vendas': 0.15}, {'agrupamento': 149, 'ano': 2015, 'classificacao': 3, 'desenvolvedora': 46, 'genero': 9, 'nome': 'Final Fantasy XIV: Heavensward', 'plataforma': 15, 'pontuacao': 46.85, 'publicadora': 15, 'similaridade': 0.9722222222222222, 'vendas': 0.02}, {'agrupamento': 149, 'ano': 2001, 'classificacao': 1, 'desenvolvedora': 1413, 'genero': 9, 'nome': ""Harry Potter and the Sorcerer's Stone"", 'plataforma': 15, 'pontuacao': 36.4, 'publicadora': 7, 'similaridade': 0.9722222222222222, 'vendas': 0.06}, {'agrupamento': 149, 'ano': 2010, 'classificacao': 3, 'desenvolvedora': 12, 'genero': 9, 'nome': ""Tom Clancy's HAWX 2"", 'plataforma': 15, 'pontuacao': 34.9, 'publicadora': 5, 'similaridade': 0.9722222222222222, 'vendas': 0.05}, {'agrupamento': 149, 'ano': 2004, 'classificacao': 1, 'desenvolvedora': 1413, 'genero': 9, 'nome': 'Harry Potter and the Prisoner of Azkaban', 'plataforma': 15, 'pontuacao': 37.1, 'publicadora': 7, 'similaridade': 0.9722222222222222, 'vendas': 0.04}, {'agrupamento': 149, 'ano': 2011, 'classificacao': 4, 'desenvolvedora': 140, 'genero': 9, 'nome': ""Skylanders: Spyro's Adventure"", 'plataforma': 15, 'pontuacao': 1.75, 'publicadora': 4, 'similaridade': 0.9722222222222222, 'vendas': 0.1}, {'agrupamento': 149, 'ano': 2016, 'classificacao': 2, 'desenvolvedora': 308, 'genero': 9, 'nome': 'Quantum Break', 'plataforma': 15, 'pontuacao': 35.15, 'publicadora': 1, 'similaridade': 0.9722222222222222, 'vendas': 0.02}, {'agrupamento': 149, 'ano': 2014, 'classificacao': 0, 'desenvolvedora': 0, 'genero': 9, 'nome': 'Minds and Mystery: 5 Game Pack', 'plataforma': 15, 'pontuacao': 0, 'publicadora': 536, 'similaridade': 0.9722222222222222, 'vendas': 0.01}, {'agrupamento': 149, 'ano': 2014, 'classificacao': 2, 'desenvolvedora': 82, 'genero': 9, 'nome': ""Assassin's Creed: Unity"", 'plataforma': 15, 'pontuacao': 36.5, 'publicadora': 5, 'similaridade': 0.9722222222222222, 'vendas': 0.55}]"
1,"[{'agrupamento': 960, 'ano': 2016, 'classificacao': 1, 'desenvolvedora': 27, 'genero': 1, 'nome': 'FIFA 17', 'plataforma': 15, 'pontuacao': 44.1, 'publicadora': 7, 'vendas': 0.12}, {'agrupamento': 960, 'ano': 2008, 'classificacao': 1, 'desenvolvedora': 35, 'genero': 1, 'nome': 'FIFA Soccer 09', 'plataforma': 15, 'pontuacao': 41.9, 'publicadora': 7, 'vendas': 0.02}, {'agrupamento': 960, 'ano': 2002, 'classificacao': 1, 'desenvolvedora': 986, 'genero': 1, 'nome': '2002 FIFA World Cup', 'plataforma': 14, 'pontuacao': 44, 'publicadora': 7, 'vendas': 0.19}, {'agrupamento': 960, 'ano': 2008, 'classificacao': 1, 'desenvolvedora': 35, 'genero': 1, 'nome': 'FIFA Soccer 09', 'plataforma': 15, 'pontuacao': 41.9, 'publicadora': 7, 'vendas': 0.02}, {'agrupamento': 960, 'ano': 2002, 'classificacao': 1, 'desenvolvedora': 986, 'genero': 1, 'nome': '2002 FIFA World Cup', 'plataforma': 14, 'pontuacao': 44, 'publicadora': 7, 'vendas': 0.19}, {'agrupamento': 960, 'ano': 2008, 'classificacao': 1, 'desenvolvedora': 35, 'genero': 1, 'nome': 'FIFA Soccer 09', 'plataforma': 15, 'pontuacao': 41.9, 'publicadora': 7, 'vendas': 0.02}, {'agrupamento': 960, 'ano': 2008, 'classificacao': 1, 'desenvolvedora': 35, 'genero': 1, 'nome': 'FIFA Soccer 09', 'plataforma': 15, 'pontuacao': 41.9, 'publicadora': 7, 'vendas': 0.02}, {'agrupamento': 960, 'ano': 2008, 'classificacao': 1, 'desenvolvedora': 35, 'genero': 1, 'nome': 'FIFA Soccer 09', 'plataforma': 15, 'pontuacao': 41.9, 'publicadora': 7, 'vendas': 0.02}, {'agrupamento': 960, 'ano': 2002, 'classificacao': 1, 'desenvolvedora': 986, 'genero': 1, 'nome': '2002 FIFA World Cup', 'plataforma': 14, 'pontuacao': 44, 'publicadora': 7, 'vendas': 0.19}, {'agrupamento': 960, 'ano': 2002, 'classificacao': 1, 'desenvolvedora': 986, 'genero': 1, 'nome': '2002 FIFA World Cup', 'plataforma': 14, 'pontuacao': 44, 'publicadora': 7, 'vendas': 0.19}, {'agrupamento': 960, 'ano': 2008, 'classificacao': 1, 'desenvolvedora': 35, 'genero': 1, 'nome': 'FIFA Soccer 09', 'plataforma': 15, 'pontuacao': 41.9, 'publicadora': 7, 'vendas': 0.02}, {'agrupamento': 960, 'ano': 2002, 'classificacao': 1, 'desenvolvedora': 986, 'genero': 1, 'nome': '2002 FIFA World Cup', 'plataforma': 14, 'pontuacao': 44, 'publicadora': 7, 'vendas': 0.19}, {'agrupamento': 960, 'ano': 2002, 'classificacao': 1, 'desenvolvedora': 986, 'genero': 1, 'nome': '2002 FIFA World Cup', 'plataforma': 14, 'pontuacao': 44, 'publicadora': 7, 'vendas': 0.19}, {'agrupamento': 960, 'ano': 2002, 'classificacao': 1, 'desenvolvedora': 986, 'genero': 1, 'nome': '2002 FIFA World Cup', 'plataforma': 14, 'pontuacao': 44, 'publicadora': 7, 'vendas': 0.19}, {'agrupamento': 960, 'ano': 2008, 'classificacao': 1, 'desenvolvedora': 35, 'genero': 1, 'nome': 'FIFA Soccer 09', 'plataforma': 15, 'pontuacao': 41.9, 'publicadora': 7, 'vendas': 0.02}, {'agrupamento': 960, 'ano': 2008, 'classificacao': 1, 'desenvolvedora': 35, 'genero': 1, 'nome': 'FIFA Soccer 09', 'plataforma': 15, 'pontuacao': 41.9, 'publicadora': 7, 'vendas': 0.02}, {'agrupamento': 960, 'ano': 2008, 'classificacao': 1, 'desenvolvedora': 35, 'genero': 1, 'nome': 'FIFA Soccer 09', 'plataforma': 15, 'pontuacao': 41.9, 'publicadora': 7, 'vendas': 0.02}, {'agrupamento': 960, 'ano': 2006, 'classificacao': 1, 'desenvolvedora': 35, 'genero': 1, 'nome': 'FIFA World Cup Germany 2006', 'plataforma': 17, 'pontuacao': 39.65, 'publicadora': 7, 'vendas': 0.11}]","[{'agrupamento': 960, 'ano': 2003, 'classificacao': 0, 'desenvolvedora': 0, 'genero': 1, 'nome': 'Championship Manager 03/04', 'plataforma': 15, 'pontuacao': 0, 'publicadora': 21, 'similaridade': 0.9837690631808275, 'vendas': 1.26}, {'agrupamento': 960, 'ano': 2015, 'classificacao': 4, 'desenvolvedora': 564, 'genero': 1, 'nome': 'NBA 2K16', 'plataforma': 15, 'pontuacao': 2.85, 'publicadora': 2, 'similaridade': 0.9837690631808275, 'vendas': 0.1}, {'agrupamento': 960, 'ano': 2010, 'classificacao': 1, 'desenvolvedora': 18, 'genero': 1, 'nome': 'FIFA Soccer 11', 'plataforma': 15, 'pontuacao': 45.35, 'publicadora': 7, 'similaridade': 0.9837690631808275, 'vendas': 0.18}, {'agrupamento': 960, 'ano': 2016, 'classificacao': 1, 'desenvolvedora': 83, 'genero': 1, 'nome': 'NBA 2K17', 'plataforma': 15, 'pontuacao': 48.15, 'publicadora': 2, 'similaridade': 0.9837690631808275, 'vendas': 0.01}, {'agrupamento': 960, 'ano': 2008, 'classificacao': 0, 'desenvolvedora': 335, 'genero': 1, 'nome': 'Summer Athletics', 'plataforma': 15, 'pontuacao': 0, 'publicadora': 233, 'similaridade': 0.9837690631808275, 'vendas': 0.01}, {'agrupamento': 960, 'ano': 2003, 'classificacao': 0, 'desenvolvedora': 0, 'genero': 1, 'nome': 'Championship Manager 3', 'plataforma': 15, 'pontuacao': 0, 'publicadora': 21, 'similaridade': 0.9837690631808275, 'vendas': 1.01}, {'agrupamento': 960, 'ano': 2010, 'classificacao': 3, 'desenvolvedora': 52, 'genero': 1, 'nome': 'Shaun White Skateboarding', 'plataforma': 15, 'pontuacao': 3.65, 'publicadora': 5, 'similaridade': 0.9837690631808275, 'vendas': 0.03}, {'agrupamento': 960, 'ano': 2009, 'classificacao': 1, 'desenvolvedora': 18, 'genero': 1, 'nome': 'FIFA Soccer 10', 'plataforma': 15, 'pontuacao': 37.9, 'publicadora': 7, 'similaridade': 0.9837690631808275, 'vendas': 0.05}, {'agrupamento': 960, 'ano': 2009, 'classificacao': 1, 'desenvolvedora': 271, 'genero': 1, 'nome': 'Football Manager 2010', 'plataforma': 15, 'pontuacao': 48, 'publicadora': 8, 'similaridade': 0.9837690631808275, 'vendas': 0.07}, {'agrupamento': 960, 'ano': 2011, 'classificacao': 1, 'desenvolvedora': 83, 'genero': 1, 'nome': 'NBA 2K12', 'plataforma': 15, 'pontuacao': 46.55, 'publicadora': 2, 'similaridade': 0.9837690631808275, 'vendas': 0.16}]"
1,"[{'agrupamento': 373, 'ano': 1995, 'classificacao': 0, 'desenvolvedora': 0, 'genero': 5, 'nome': 'Tetris Attack', 'plataforma': 8, 'pontuacao': 0, 'publicadora': 0, 'vendas': 0.15}, {'agrupamento': 371, 'ano': 1999, 'classificacao': 0, 'desenvolvedora': 0, 'genero': 5, 'nome': 'The New Tetris', 'plataforma': 12, 'pontuacao': 0, 'publicadora': 0, 'vendas': 0.29}, {'agrupamento': 371, 'ano': 1999, 'classificacao': 0, 'desenvolvedora': 0, 'genero': 5, 'nome': 'The New Tetris', 'plataforma': 12, 'pontuacao': 0, 'publicadora': 0, 'vendas': 0.29}, {'agrupamento': 371, 'ano': 1999, 'classificacao': 0, 'desenvolvedora': 0, 'genero': 5, 'nome': 'The New Tetris', 'plataforma': 12, 'pontuacao': 0, 'publicadora': 0, 'vendas': 0.29}, {'agrupamento': 167, 'ano': 2013, 'classificacao': 0, 'desenvolvedora': 0, 'genero': 4, 'nome': 'Exstetra', 'plataforma': 11, 'pontuacao': 0, 'publicadora': 242, 'vendas': 0.01}, {'agrupamento': 371, 'ano': 2014, 'classificacao': 0, 'desenvolvedora': 0, 'genero': 5, 'nome': 'Puyo Puyo Tetris', 'plataforma': 19, 'pontuacao': 0, 'publicadora': 8, 'vendas': 0.02}, {'agrupamento': 575, 'ano': 1998, 'classificacao': 0, 'desenvolvedora': 0, 'genero': 5, 'nome': 'Tetris DX', 'plataforma': 3, 'pontuacao': 0, 'publicadora': 0, 'vendas': 1.93}, {'agrupamento': 371, 'ano': 1998, 'classificacao': 0, 'desenvolvedora': 0, 'genero': 5, 'nome': 'The Next Tetris', 'plataforma': 13, 'pontuacao': 0, 'publicadora': 10, 'vendas': 0.81}, {'agrupamento': 371, 'ano': 1998, 'classificacao': 0, 'desenvolvedora': 0, 'genero': 5, 'nome': 'The Next Tetris', 'plataforma': 13, 'pontuacao': 0, 'publicadora': 10, 'vendas': 0.81}, {'agrupamento': 371, 'ano': 2002, 'classificacao': 1, 'desenvolvedora': 311, 'genero': 5, 'nome': 'Tetris Worlds', 'plataforma': 20, 'pontuacao': 26.3, 'publicadora': 28, 'vendas': 0.22}]","[{'agrupamento': 371, 'ano': 1997, 'classificacao': 0, 'desenvolvedora': 0, 'genero': 5, 'nome': 'Bust-A-Move 2 Arcade Edition', 'plataforma': 12, 'pontuacao': 0, 'publicadora': 30, 'similaridade': 0.8855533063427801, 'vendas': 0.08}, {'agrupamento': 371, 'ano': 2000, 'classificacao': 0, 'desenvolvedora': 0, 'genero': 5, 'nome': 'Rat Attack!', 'plataforma': 12, 'pontuacao': 0, 'publicadora': 51, 'similaridade': 0.8855533063427801, 'vendas': 0.02}, {'agrupamento': 371, 'ano': 1999, 'classificacao': 0, 'desenvolvedora': 0, 'genero': 5, 'nome': 'The New Tetris', 'plataforma': 12, 'pontuacao': 0, 'publicadora': 0, 'similaridade': 0.8855533063427801, 'vendas': 0.29}, {'agrupamento': 371, 'ano': 1995, 'classificacao': 0, 'desenvolvedora': 0, 'genero': 5, 'nome': '3D Lemmings', 'plataforma': 13, 'pontuacao': 0, 'publicadora': 85, 'similaridade': 0.8797874493927125, 'vendas': 0.06}, {'agrupamento': 371, 'ano': 1999, 'classificacao': 0, 'desenvolvedora': 0, 'genero': 5, 'nome': 'Ballistic', 'plataforma': 13, 'pontuacao': 0, 'publicadora': 10, 'similaridade': 0.8797874493927125, 'vendas': 0.04}, {'agrupamento': 371, 'ano': 1998, 'classificacao': 0, 'desenvolvedora': 0, 'genero': 5, 'nome': 'The Next Tetris', 'plataforma': 13, 'pontuacao': 0, 'publicadora': 10, 'similaridade': 0.8797874493927125, 'vendas': 0.81}, {'agrupamento': 371, 'ano': 1999, 'classificacao': 0, 'desenvolvedora': 0, 'genero': 5, 'nome': 'Mr. Driller', 'plataforma': 13, 'pontuacao': 0, 'publicadora': 25, 'similaridade': 0.8797874493927125, 'vendas': 0.04}, {'agrupamento': 371, 'ano': 2001, 'classificacao': 0, 'desenvolvedora': 0, 'genero': 5, 'nome': ""Inspector Gadget: Gadget's Crazy Maze"", 'plataforma': 13, 'pontuacao': 0, 'publicadora': 5, 'similaridade': 0.8797874493927125, 'vendas': 0.05}, {'agrupamento': 371, 'ano': 1998, 'classificacao': 0, 'desenvolvedora': 0, 'genero': 5, 'nome': 'Bomberman World', 'plataforma': 13, 'pontuacao': 0, 'publicadora': 3, 'similaridade': 0.8797874493927125, 'vendas': 0.33}, {'agrupamento': 371, 'ano': 2001, 'classificacao': 1, 'desenvolvedora': 1096, 'genero': 5, 'nome': 'Pipe Dreams 3D', 'plataforma': 13, 'pontuacao': 0, 'publicadora': 87, 'similaridade': 0.8797874493927125, 'vendas': 0.14}]"
1,"[{'agrupamento': 379, 'ano': 2005, 'classificacao': 1, 'desenvolvedora': 69, 'genero': 1, 'nome': 'World Soccer Winning Eleven 9', 'plataforma': 7, 'pontuacao': 4.1, 'publicadora': 14, 'vendas': 4.06}, {'agrupamento': 379, 'ano': 2006, 'classificacao': 0, 'desenvolvedora': 0, 'genero': 1, 'nome': 'J-League Winning Eleven 10 + Europa League 06-07', 'plataforma': 7, 'pontuacao': 0, 'publicadora': 14, 'vendas': 0.21}, {'agrupamento': 379, 'ano': 2007, 'classificacao': 0, 'desenvolvedora': 0, 'genero': 1, 'nome': 'Winning Post 7: Maximum 2007', 'plataforma': 7, 'pontuacao': 0, 'publicadora': 48, 'vendas': 0.02}, {'agrupamento': 379, 'ano': 2010, 'classificacao': 0, 'desenvolvedora': 0, 'genero': 1, 'nome': 'World Soccer Winning Eleven 2010: Aoki Samurai no Chousen', 'plataforma': 7, 'pontuacao': 0, 'publicadora': 14, 'vendas': 0.09}, {'agrupamento': 960, 'ano': 2000, 'classificacao': 0, 'desenvolvedora': 0, 'genero': 1, 'nome': 'World Soccer Jikkyou Winning Eleven 2000: U-23 Medal heno Chousen', 'plataforma': 13, 'pontuacao': 0, 'publicadora': 14, 'vendas': 0.41}, {'agrupamento': 960, 'ano': 2000, 'classificacao': 0, 'desenvolvedora': 0, 'genero': 1, 'nome': 'World Soccer Jikkyou Winning Eleven 2000: U-23 Medal heno Chousen', 'plataforma': 13, 'pontuacao': 0, 'publicadora': 14, 'vendas': 0.41}, {'agrupamento': 960, 'ano': 2000, 'classificacao': 0, 'desenvolvedora': 0, 'genero': 1, 'nome': 'World Soccer Jikkyou Winning Eleven 2000: U-23 Medal heno Chousen', 'plataforma': 13, 'pontuacao': 0, 'publicadora': 14, 'vendas': 0.41}, {'agrupamento': 960, 'ano': 2000, 'classificacao': 0, 'desenvolvedora': 0, 'genero': 1, 'nome': 'World Soccer Jikkyou Winning Eleven 2000: U-23 Medal heno Chousen', 'plataforma': 13, 'pontuacao': 0, 'publicadora': 14, 'vendas': 0.41}, {'agrupamento': 960, 'ano': 2000, 'classificacao': 0, 'desenvolvedora': 0, 'genero': 1, 'nome': 'World Soccer Jikkyou Winning Eleven 2000: U-23 Medal heno Chousen', 'plataforma': 13, 'pontuacao': 0, 'publicadora': 14, 'vendas': 0.41}, {'agrupamento': 960, 'ano': 2000, 'classificacao': 0, 'desenvolvedora': 0, 'genero': 1, 'nome': 'World Soccer Jikkyou Winning Eleven 2000: U-23 Medal heno Chousen', 'plataforma': 13, 'pontuacao': 0, 'publicadora': 14, 'vendas': 0.41}]","[{'agrupamento': 960, 'ano': 1997, 'classificacao': 0, 'desenvolvedora': 0, 'genero': 1, 'nome': 'NHL FaceOff 98', 'plataforma': 13, 'pontuacao': 0, 'publicadora': 3, 'similaridade': 0.9076923076923078, 'vendas': 0.51}, {'agrupamento': 960, 'ano': 2000, 'classificacao': 0, 'desenvolvedora': 311, 'genero': 1, 'nome': 'MTV Sports: Pure Ride', 'plataforma': 13, 'pontuacao': 35, 'publicadora': 28, 'similaridade': 0.9076923076923078, 'vendas': 0.12}, {'agrupamento': 960, 'ano': 1999, 'classificacao': 0, 'desenvolvedora': 0, 'genero': 1, 'nome': 'NFL Xtreme 2', 'plataforma': 13, 'pontuacao': 0, 'publicadora': 43, 'similaridade': 0.9076923076923078, 'vendas': 0.48}, {'agrupamento': 960, 'ano': 1997, 'classificacao': 0, 'desenvolvedora': 0, 'genero': 1, 'nome': ""Bottom of the 9th '97"", 'plataforma': 13, 'pontuacao': 0, 'publicadora': 14, 'similaridade': 0.9076923076923078, 'vendas': 0.02}, {'agrupamento': 960, 'ano': 1998, 'classificacao': 0, 'desenvolvedora': 0, 'genero': 1, 'nome': 'Breeding Stud 2', 'plataforma': 13, 'pontuacao': 0, 'publicadora': 14, 'similaridade': 0.9076923076923078, 'vendas': 0.04}, {'agrupamento': 960, 'ano': 1994, 'classificacao': 0, 'desenvolvedora': 0, 'genero': 1, 'nome': 'NHL FaceOff', 'plataforma': 13, 'pontuacao': 0, 'publicadora': 3, 'similaridade': 0.9076923076923078, 'vendas': 0.45}, {'agrupamento': 960, 'ano': 1996, 'classificacao': 0, 'desenvolvedora': 0, 'genero': 1, 'nome': 'NHL 97', 'plataforma': 13, 'pontuacao': 0, 'publicadora': 7, 'similaridade': 0.9076923076923078, 'vendas': 0.47}, {'agrupamento': 960, 'ano': 1998, 'classificacao': 0, 'desenvolvedora': 0, 'genero': 1, 'nome': 'NBA Live 2000', 'plataforma': 13, 'pontuacao': 0, 'publicadora': 7, 'similaridade': 0.9076923076923078, 'vendas': 1.52}, {'agrupamento': 960, 'ano': 2000, 'classificacao': 0, 'desenvolvedora': 0, 'genero': 1, 'nome': 'Jikkyou Powerful Pro Yakyuu 2000 Ketteiban', 'plataforma': 13, 'pontuacao': 0, 'publicadora': 14, 'similaridade': 0.9076923076923078, 'vendas': 0.09}, {'agrupamento': 960, 'ano': 1999, 'classificacao': 0, 'desenvolvedora': 0, 'genero': 1, 'nome': 'NCAA Football 2000', 'plataforma': 13, 'pontuacao': 0, 'publicadora': 7, 'similaridade': 0.9076923076923078, 'vendas': 0.95}]"
1,"[{'agrupamento': 592, 'ano': 1982, 'classificacao': 0, 'desenvolvedora': 0, 'genero': 2, 'nome': 'Mario Bros.', 'plataforma': 16, 'pontuacao': 0, 'publicadora': 10, 'vendas': 1.59}, {'agrupamento': 592, 'ano': 1982, 'classificacao': 0, 'desenvolvedora': 0, 'genero': 2, 'nome': 'Mario Bros.', 'plataforma': 16, 'pontuacao': 0, 'publicadora': 10, 'vendas': 1.59}, {'agrupamento': 592, 'ano': 1982, 'classificacao': 0, 'desenvolvedora': 0, 'genero': 2, 'nome': 'Mario Bros.', 'plataforma': 16, 'pontuacao': 0, 'publicadora': 10, 'vendas': 1.59}, {'agrupamento': 592, 'ano': 1982, 'classificacao': 0, 'desenvolvedora': 0, 'genero': 2, 'nome': 'Mario Bros.', 'plataforma': 16, 'pontuacao': 0, 'publicadora': 10, 'vendas': 1.59}, {'agrupamento': 209, 'ano': 2005, 'classificacao': 1, 'desenvolvedora': 21, 'genero': 6, 'nome': 'Dance Dance Revolution: Mario Mix', 'plataforma': 20, 'pontuacao': 38.7, 'publicadora': 0, 'vendas': 0.47}, {'agrupamento': 592, 'ano': 2015, 'classificacao': 1, 'desenvolvedora': 0, 'genero': 2, 'nome': 'Super Mario Maker', 'plataforma': 19, 'pontuacao': 48.35, 'publicadora': 0, 'vendas': 3.21}, {'agrupamento': 106, 'ano': 2005, 'classificacao': 1, 'desenvolvedora': 226, 'genero': 1, 'nome': 'Mario Tennis: Power Tour', 'plataforma': 9, 'pontuacao': 44.5, 'publicadora': 0, 'vendas': 0.52}, {'agrupamento': 4858, 'ano': 2004, 'classificacao': 0, 'desenvolvedora': 0, 'genero': 2, 'nome': 'Super Mario 64', 'plataforma': 4, 'pontuacao': 0, 'publicadora': 0, 'vendas': 10.3}, {'agrupamento': 17, 'ano': 2004, 'classificacao': 1, 'desenvolvedora': 518, 'genero': 6, 'nome': 'Mario Pinball Land', 'plataforma': 9, 'pontuacao': 33.45, 'publicadora': 0, 'vendas': 0.69}, {'agrupamento': 93, 'ano': 1992, 'classificacao': 0, 'desenvolvedora': 0, 'genero': 11, 'nome': 'Super Mario Land 2: 6 Golden Coins', 'plataforma': 3, 'pontuacao': 0, 'publicadora': 0, 'vendas': 11.18}, {'agrupamento': 23, 'ano': 2000, 'classificacao': 0, 'desenvolvedora': 0, 'genero': 1, 'nome': 'Mario Tennis', 'plataforma': 3, 'pontuacao': 0, 'publicadora': 0, 'vendas': 1.18}]","[{'agrupamento': 592, 'ano': 1982, 'classificacao': 0, 'desenvolvedora': 0, 'genero': 2, 'nome': 'Mario Bros.', 'plataforma': 16, 'pontuacao': 0, 'publicadora': 10, 'similaridade': 0.692754095983761, 'vendas': 1.59}, {'agrupamento': 592, 'ano': 1982, 'classificacao': 0, 'desenvolvedora': 0, 'genero': 2, 'nome': 'Popeye', 'plataforma': 16, 'pontuacao': 0, 'publicadora': 45, 'similaridade': 0.692754095983761, 'vendas': 0.54}, {'agrupamento': 592, 'ano': 2007, 'classificacao': 3, 'desenvolvedora': 6, 'genero': 2, 'nome': 'Spider-Man 3', 'plataforma': 17, 'pontuacao': 29.7, 'publicadora': 4, 'similaridade': 0.6820448362032937, 'vendas': 0.3}, {'agrupamento': 592, 'ano': 2010, 'classificacao': 0, 'desenvolvedora': 0, 'genero': 2, 'nome': 'Despicable Me: The Game', 'plataforma': 17, 'pontuacao': 0, 'publicadora': 58, 'similaridade': 0.6820448362032937, 'vendas': 0.16}, {'agrupamento': 592, 'ano': 2008, 'classificacao': 0, 'desenvolvedora': 0, 'genero': 2, 'nome': 'Secret Agent Clank(US sales)', 'plataforma': 17, 'pontuacao': 0, 'publicadora': 3, 'similaridade': 0.6820448362032937, 'vendas': 0.55}, {'agrupamento': 592, 'ano': 2009, 'classificacao': 4, 'desenvolvedora': 560, 'genero': 2, 'nome': 'Jak and Daxter: The Lost Frontier', 'plataforma': 17, 'pontuacao': 38.65, 'publicadora': 3, 'similaridade': 0.6820448362032937, 'vendas': 0.61}, {'agrupamento': 592, 'ano': 2009, 'classificacao': 4, 'desenvolvedora': 1567, 'genero': 2, 'nome': 'CID The Dummy', 'plataforma': 17, 'pontuacao': 20.5, 'publicadora': 60, 'similaridade': 0.6820448362032937, 'vendas': 0.03}, {'agrupamento': 592, 'ano': 2006, 'classificacao': 3, 'desenvolvedora': 179, 'genero': 2, 'nome': 'Death Jr. II: Root of Evil', 'plataforma': 17, 'pontuacao': 37.65, 'publicadora': 14, 'similaridade': 0.6820448362032937, 'vendas': 0.05}, {'agrupamento': 592, 'ano': 2005, 'classificacao': 1, 'desenvolvedora': 514, 'genero': 2, 'nome': 'Ape Escape: On the Loose', 'plataforma': 17, 'pontuacao': 36.2, 'publicadora': 3, 'similaridade': 0.6820448362032937, 'vendas': 0.7}, {'agrupamento': 592, 'ano': 2006, 'classificacao': 0, 'desenvolvedora': 0, 'genero': 2, 'nome': ""Ultimate Ghosts 'n Goblins (JP sales)"", 'plataforma': 17, 'pontuacao': 0, 'publicadora': 12, 'similaridade': 0.6820448362032937, 'vendas': 0.05}]"
1,"[{'agrupamento': 6, 'ano': 2009, 'classificacao': 1, 'desenvolvedora': 0, 'genero': 1, 'nome': 'Wii Sports Resort', 'plataforma': 1, 'pontuacao': 44, 'publicadora': 0, 'vendas': 32.77}, {'agrupamento': 113, 'ano': 2007, 'classificacao': 0, 'desenvolvedora': 0, 'genero': 9, 'nome': 'Transformers: The Game (XBox 360, PS2, PS3, Wii & PC Versions)', 'plataforma': 1, 'pontuacao': 0, 'publicadora': 4, 'vendas': 0.57}, {'agrupamento': 113, 'ano': 2007, 'classificacao': 0, 'desenvolvedora': 0, 'genero': 9, 'nome': 'Transformers: The Game (XBox 360, PS2, PS3, Wii & PC Versions)', 'plataforma': 1, 'pontuacao': 0, 'publicadora': 4, 'vendas': 0.57}, {'agrupamento': 113, 'ano': 2007, 'classificacao': 0, 'desenvolvedora': 0, 'genero': 9, 'nome': 'Transformers: The Game (XBox 360, PS2, PS3, Wii & PC Versions)', 'plataforma': 1, 'pontuacao': 0, 'publicadora': 4, 'vendas': 0.57}, {'agrupamento': 113, 'ano': 2007, 'classificacao': 0, 'desenvolvedora': 0, 'genero': 9, 'nome': 'Transformers: The Game (XBox 360, PS2, PS3, Wii & PC Versions)', 'plataforma': 1, 'pontuacao': 0, 'publicadora': 4, 'vendas': 0.57}, {'agrupamento': 113, 'ano': 2007, 'classificacao': 0, 'desenvolvedora': 0, 'genero': 9, 'nome': 'Transformers: The Game (XBox 360, PS2, PS3, Wii & PC Versions)', 'plataforma': 1, 'pontuacao': 0, 'publicadora': 4, 'vendas': 0.57}, {'agrupamento': 6, 'ano': 2009, 'classificacao': 0, 'desenvolvedora': 0, 'genero': 1, 'nome': 'Yoga Wii', 'plataforma': 1, 'pontuacao': 0, 'publicadora': 271, 'vendas': 0.19}, {'agrupamento': 6, 'ano': 2009, 'classificacao': 0, 'desenvolvedora': 0, 'genero': 1, 'nome': 'Yoga Wii', 'plataforma': 1, 'pontuacao': 0, 'publicadora': 271, 'vendas': 0.19}, {'agrupamento': 6, 'ano': 2009, 'classificacao': 0, 'desenvolvedora': 0, 'genero': 1, 'nome': 'Yoga Wii', 'plataforma': 1, 'pontuacao': 0, 'publicadora': 271, 'vendas': 0.19}]","[{'agrupamento': 113, 'ano': 2011, 'classificacao': 0, 'desenvolvedora': 0, 'genero': 9, 'nome': 'Kung Fu Panda 2', 'plataforma': 1, 'pontuacao': 0, 'publicadora': 28, 'similaridade': 0.802469135802469, 'vendas': 0.13}, {'agrupamento': 113, 'ano': 2007, 'classificacao': 3, 'desenvolvedora': 52, 'genero': 9, 'nome': 'Prince of Persia: Rival Swords', 'plataforma': 1, 'pontuacao': 38.85, 'publicadora': 5, 'similaridade': 0.802469135802469, 'vendas': 0.29}, {'agrupamento': 113, 'ano': 2008, 'classificacao': 4, 'desenvolvedora': 1035, 'genero': 9, 'nome': 'SPRay', 'plataforma': 1, 'pontuacao': 23.25, 'publicadora': 48, 'similaridade': 0.802469135802469, 'vendas': 0.04}, {'agrupamento': 113, 'ano': 2009, 'classificacao': 1, 'desenvolvedora': 242, 'genero': 9, 'nome': 'Water Sports', 'plataforma': 1, 'pontuacao': 0, 'publicadora': 194, 'similaridade': 0.802469135802469, 'vendas': 0.1}, {'agrupamento': 113, 'ano': 2009, 'classificacao': 1, 'desenvolvedora': 641, 'genero': 9, 'nome': 'Space Camp', 'plataforma': 1, 'pontuacao': 3.1, 'publicadora': 4, 'similaridade': 0.802469135802469, 'vendas': 0.13}, {'agrupamento': 113, 'ano': 2007, 'classificacao': 0, 'desenvolvedora': 0, 'genero': 9, 'nome': 'Kekkaishi: Kokubourou no Kage', 'plataforma': 1, 'pontuacao': 0, 'publicadora': 25, 'similaridade': 0.802469135802469, 'vendas': 0.03}, {'agrupamento': 113, 'ano': 2009, 'classificacao': 0, 'desenvolvedora': 0, 'genero': 9, 'nome': 'Avatar: The Game', 'plataforma': 1, 'pontuacao': 0, 'publicadora': 5, 'similaridade': 0.802469135802469, 'vendas': 0.72}, {'agrupamento': 113, 'ano': 2011, 'classificacao': 4, 'desenvolvedora': 281, 'genero': 9, 'nome': 'Puss in Boots', 'plataforma': 1, 'pontuacao': 0, 'publicadora': 28, 'similaridade': 0.802469135802469, 'vendas': 0.21}, {'agrupamento': 113, 'ano': 2009, 'classificacao': 4, 'desenvolvedora': 337, 'genero': 9, 'nome': 'The Secret Saturdays: Beasts of the 5th Sun', 'plataforma': 1, 'pontuacao': 30, 'publicadora': 58, 'similaridade': 0.802469135802469, 'vendas': 0.1}, {'agrupamento': 113, 'ano': 2008, 'classificacao': 2, 'desenvolvedora': 1011, 'genero': 9, 'nome': 'Obscure: The Aftermath', 'plataforma': 1, 'pontuacao': 30.55, 'publicadora': 289, 'similaridade': 0.802469135802469, 'vendas': 0.12}]"
1,"[{'agrupamento': 2490, 'ano': 0, 'classificacao': 1, 'desenvolvedora': 717, 'genero': 3, 'nome': 'GRID', 'plataforma': 4, 'pontuacao': 43.55, 'publicadora': 34, 'vendas': 0.05}, {'agrupamento': 592, 'ano': 0, 'classificacao': 1, 'desenvolvedora': 294, 'genero': 3, 'nome': 'GRID', 'plataforma': 15, 'pontuacao': 47.45, 'publicadora': 34, 'vendas': 0.04}]","[{'agrupamento': 2490, 'ano': 2005, 'classificacao': 1, 'desenvolvedora': 362, 'genero': 3, 'nome': 'Ford Racing 3', 'plataforma': 4, 'pontuacao': 24.5, 'publicadora': 84, 'similaridade': 0.8166666666666667, 'vendas': 0.1}, {'agrupamento': 592, 'ano': 2014, 'classificacao': 1, 'desenvolvedora': 306, 'genero': 3, 'nome': 'F1 2014', 'plataforma': 15, 'pontuacao': 32.9, 'publicadora': 34, 'similaridade': 0.8166666666666667, 'vendas': 0.1}, {'agrupamento': 592, 'ano': 2011, 'classificacao': 0, 'desenvolvedora': 0, 'genero': 3, 'nome': 'Need for Speed: Shift 2 Unleashed', 'plataforma': 15, 'pontuacao': 0, 'publicadora': 7, 'similaridade': 0.8166666666666667, 'vendas': 0.19}, {'agrupamento': 592, 'ano': 2013, 'classificacao': 4, 'desenvolvedora': 200, 'genero': 3, 'nome': 'Need for Speed Rivals', 'plataforma': 15, 'pontuacao': 39.65, 'publicadora': 7, 'similaridade': 0.8166666666666667, 'vendas': 0.25}, {'agrupamento': 592, 'ano': 2004, 'classificacao': 0, 'desenvolvedora': 294, 'genero': 3, 'nome': 'Colin McRae Rally 04', 'plataforma': 15, 'pontuacao': 47.1, 'publicadora': 34, 'similaridade': 0.8166666666666667, 'vendas': 0.01}, {'agrupamento': 592, 'ano': 2011, 'classificacao': 0, 'desenvolvedora': 0, 'genero': 3, 'nome': 'WRC 2: FIA World Rally Championship', 'plataforma': 15, 'pontuacao': 0, 'publicadora': 5, 'similaridade': 0.8166666666666667, 'vendas': 0.02}, {'agrupamento': 592, 'ano': 2014, 'classificacao': 3, 'desenvolvedora': 235, 'genero': 3, 'nome': 'The Crew', 'plataforma': 15, 'pontuacao': 38.7, 'publicadora': 5, 'similaridade': 0.8166666666666667, 'vendas': 0.16}, {'agrupamento': 592, 'ano': 2011, 'classificacao': 0, 'desenvolvedora': 1499, 'genero': 3, 'nome': 'Off-Road Drive', 'plataforma': 15, 'pontuacao': 33.2, 'publicadora': 431, 'similaridade': 0.8166666666666667, 'vendas': 0.04}, {'agrupamento': 592, 'ano': 2007, 'classificacao': 4, 'desenvolvedora': 107, 'genero': 3, 'nome': 'Need for Speed: ProStreet', 'plataforma': 15, 'pontuacao': 37.95, 'publicadora': 7, 'similaridade': 0.8166666666666667, 'vendas': 0.04}, {'agrupamento': 2490, 'ano': 2005, 'classificacao': 1, 'desenvolvedora': 561, 'genero': 3, 'nome': 'ATV: Quad Frenzy', 'plataforma': 4, 'pontuacao': 17.5, 'publicadora': 35, 'similaridade': 0.8166666666666667, 'vendas': 0.11}]"
